[{"id":1,"name":"SCAR-H CQB LICENSED MK-18","color":"Beige","size":"Medium","price":"669.99","barcode":"1234567890","weight":7.5,"category":"Airsoft Gun","quantityinstore":15,"quantityinwarehouse":15,"safetystocklevel":60,"demandRateInput":5,"leadTime":2,"stdDeviation":2,"serviceLevel":0.95,"zScore":1.645},{"id":2,"name":"AR OVERMOLDED ENHANCED PISTOL GRIP","color":"Black","size":"Small","price":44.99,"barcode":9876543210,"weight":0.23,"category":"Pistol Grip","quantityinstore":150,"quantityinwarehouse":80,"safetystocklevel":40},{"id":3,"name":"V2 TACTICAL LONG SLEEVE SHIRT","color":"Black","size":"Medium","price":114.99,"barcode":1236549870,"weight":0.25,"category":"Clothing","quantityinstore":120,"quantityinwarehouse":60,"safetystocklevel":50}]